,Row1,Row2,Row3
Column1,0.5393893200183981,0.47441931914874536,0.9810356723012732
Column2,0.42045095095263774,0.67194610812384,0.21084345966975326
Column3,0.34491180690478085,0.10392586213657906,0.023353831977854123
